{
  "timestamp": 1708614899078,
  "bids": [
    [
      0.006608,
      234.65859564
    ],
    [
      0.006607,
      9627.47921272
    ],
    [
      0.0066,
      10307.73564393
    ],
    [
      0.00658,
      759.87841945
    ],
    [
      0.006552,
      763.12576313
    ],
    [
      0.00655,
      4580.15267175
    ],
    [
      0.006524,
      766.40098099
    ],
    [
      0.0065,
      769.23076923
    ],
    [
      0.006496,
      769.7044335
    ],
    [
      0.006468,
      773.03648732
    ],
    [
      0.00644,
      776.39751553
    ],
    [
      0.006412,
      779.78789769
    ],
    [
      0.006384,
      783.20802005
    ],
    [
      0.006356,
      786.65827565
    ],
    [
      0.006328,
      790.13906448
    ],
    [
      0.0063,
      793.65079365
    ],
    [
      0.0062,
      1063.99693548
    ],
    [
      0.006,
      1666.66666666
    ],
    [
      0.0058,
      235.97672413
    ],
    [
      0.005555,
      2091.94491449
    ],
    [
      0.00555,
      697.94315315
    ],
    [
      0.005545,
      931.42998196
    ],
    [
      0.00554,
      1243.02748194
    ],
    [
      0.005535,
      1658.86711833
    ],
    [
      0.00553,
      2213.82264918
    ],
    [
      0.005528,
      2952.83140376
    ],
    [
      0.005526,
      3938.53343286
    ],
    [
      0.005508,
      2217.42973856
    ],
    [
      0.005507,
      707.86471763
    ],
    [
      0.005502,
      23947.0914213
    ],
    [
      0.005501,
      11671.6026177
    ],
    [
      0.0055,
      11500
    ],
    [
      0.00501,
      1023627.96287425
    ],
    [
      0.005,
      946148.3032
    ],
    [
      0.00259,
      10000
    ],
    [
      0.001003,
      260437.87936191
    ],
    [
      0.001001,
      1099.16083916
    ],
    [
      0.001,
      770.478
    ],
    [
      0.0009,
      11233.33333333
    ],
    [
      0.0001,
      10041000
    ],
    [
      6e-06,
      228166.83333333
    ],
    [
      1e-06,
      1006430.1
    ]
  ],
  "asks": [
    [
      0.006656,
      1340.53136853
    ],
    [
      0.00675,
      5842
    ],
    [
      0.00686,
      728.86297376
    ],
    [
      0.006888,
      0.90011614
    ],
    [
      0.006916,
      722.96124928
    ],
    [
      0.006944,
      720.04608295
    ],
    [
      0.00695,
      1000
    ],
    [
      0.006972,
      717.15433161
    ],
    [
      0.007,
      714.28571429
    ],
    [
      0.007001,
      3236.3693435
    ],
    [
      0.007005,
      200
    ],
    [
      0.00702,
      4870
    ],
    [
      0.007028,
      711.43995447
    ],
    [
      0.007056,
      708.61678005
    ],
    [
      0.007063,
      820.05953572
    ],
    [
      0.007064,
      273.35317857
    ],
    [
      0.007065,
      364.47090476
    ],
    [
      0.007066,
      485.96120634
    ],
    [
      0.007067,
      647.94827512
    ],
    [
      0.007084,
      705.81592321
    ],
    [
      0.00709,
      9125
    ],
    [
      0.007092,
      11050
    ],
    [
      0.007095,
      300
    ],
    [
      0.0071,
      2000
    ],
    [
      0.007111,
      350
    ],
    [
      0.007112,
      703.03712036
    ],
    [
      0.00714,
      981.53011204
    ],
    [
      0.007145,
      98365.94127307
    ],
    [
      0.007146,
      10845.39779298
    ],
    [
      0.007148,
      776.35068673
    ],
    [
      0.00715,
      2000
    ],
    [
      0.007151,
      206.16580504
    ],
    [
      0.007152,
      13100
    ],
    [
      0.007168,
      697.54464286
    ],
    [
      0.007185,
      963.61755898
    ],
    [
      0.007196,
      694.83046137
    ],
    [
      0.0072,
      24147.857198
    ],
    [
      0.007224,
      692.13732004
    ],
    [
      0.007252,
      689.46497518
    ],
    [
      0.00728,
      686.81318681
    ],
    [
      0.0073,
      6500
    ],
    [
      0.007308,
      930.76038766
    ],
    [
      0.007325,
      192.040223
    ],
    [
      0.007336,
      681.57033806
    ],
    [
      0.007345,
      279.939634
    ],
    [
      0.007364,
      939.66984486
    ],
    [
      0.007379,
      237.937755
    ],
    [
      0.007392,
      676.40692641
    ],
    [
      0.007394,
      252.892591
    ],
    [
      0.00741,
      206.022556
    ],
    [
      0.00742,
      673.85444744
    ],
    [
      0.007426,
      280.977097
    ],
    [
      0.00744,
      276.365571
    ],
    [
      0.007448,
      671.32116004
    ],
    [
      0.007454,
      166.554875
    ],
    [
      0.007476,
      668.80684858
    ],
    [
      0.007482,
      2800
    ],
    [
      0.0075,
      28980
    ],
    [
      0.007504,
      2190.04230679
    ],
    [
      0.007532,
      1901.45748135
    ],
    [
      0.007533,
      412.54105812
    ],
    [
      0.007534,
      1650.16423251
    ],
    [
      0.007535,
      2276.0940311
    ],
    [
      0.00754,
      15014.63817704
    ],
    [
      0.00756,
      661.37566138
    ],
    [
      0.007588,
      658.93516078
    ],
    [
      0.007616,
      656.51260504
    ],
    [
      0.007621,
      2800
    ],
    [
      0.007644,
      654.10779696
    ],
    [
      0.007672,
      651.72054223
    ],
    [
      0.00783,
      195.80582439
    ],
    [
      0.00801,
      1326.00406339
    ],
    [
      0.00802,
      1768.00541785
    ],
    [
      0.008087,
      1720
    ],
    [
      0.008199,
      2264.19921191
    ],
    [
      0.008216,
      918.36914064
    ],
    [
      0.008217,
      306.12304687
    ],
    [
      0.008218,
      408.1640625
    ],
    [
      0.008219,
      544.21875
    ],
    [
      0.00822,
      2264.19921191
    ],
    [
      0.008235,
      838.48297558
    ],
    [
      0.008236,
      279.49432519
    ],
    [
      0.008237,
      372.65910025
    ],
    [
      0.00908,
      4496.27417845
    ],
    [
      0.009183,
      4760.66553827
    ],
    [
      0.009288,
      4539.80424974
    ],
    [
      0.009345,
      313.97165823
    ],
    [
      0.009381,
      4583.35670488
    ],
    [
      0.009491,
      4681.73455975
    ],
    [
      0.009593,
      4330.03757823
    ],
    [
      0.0098,
      2040.8
    ],
    [
      0.012,
      1666.66
    ],
    [
      0.0137,
      1000
    ],
    [
      0.0141,
      1000
    ],
    [
      0.0145,
      6000
    ],
    [
      0.0149,
      1000
    ],
    [
      0.0153,
      1000
    ],
    [
      0.0157,
      1000
    ],
    [
      0.0161,
      1000
    ],
    [
      0.0165,
      1000
    ],
    [
      0.0169,
      1000
    ],
    [
      0.07151,
      103.08290252
    ]
  ]
}
