{
  "timestamp": 1709061232483,
  "bids": [
    [
      0.004405,
      6640.87842924
    ],
    [
      0.004334,
      1000
    ],
    [
      0.004303,
      3290.89240065
    ],
    [
      0.004247,
      1000
    ],
    [
      0.004163,
      1000
    ],
    [
      0.004101,
      4876.8593026
    ],
    [
      0.00408,
      1000
    ],
    [
      0.00401,
      4987.53117206
    ],
    [
      0.004,
      1250
    ],
    [
      0.003959,
      1000
    ],
    [
      0.0039,
      5128.2051282
    ],
    [
      0.003841,
      1000
    ],
    [
      0.003727,
      1000
    ],
    [
      0.003702,
      8103.72771474
    ],
    [
      0.0036,
      9722.22222222
    ],
    [
      0.00358,
      1000
    ],
    [
      0.0035,
      7142.85721428
    ],
    [
      0.003439,
      1000
    ],
    [
      0.003304,
      1000
    ],
    [
      0.003173,
      1000
    ],
    [
      0.00305,
      2144756.54459016
    ],
    [
      0.003049,
      35500.80518202
    ],
    [
      0.003048,
      1000
    ],
    [
      0.003015,
      1569068.49618573
    ],
    [
      0.003004,
      11380.68908122
    ],
    [
      0.003,
      10666.66666666
    ],
    [
      0.00259,
      10000
    ],
    [
      0.0025,
      10000
    ],
    [
      0.001003,
      260437.87936191
    ],
    [
      0.001001,
      1099.16083916
    ],
    [
      0.001,
      770.478
    ],
    [
      0.0009,
      11233.33333333
    ],
    [
      0.0001,
      10041000
    ],
    [
      6e-06,
      228166.83333333
    ],
    [
      1e-06,
      1006430.1
    ]
  ],
  "asks": [
    [
      0.005149,
      1125.96797729
    ],
    [
      0.00515,
      3162.15497261
    ],
    [
      0.0053,
      26924.91159254
    ],
    [
      0.00533,
      20000
    ],
    [
      0.005333,
      5808
    ],
    [
      0.005367,
      9645
    ],
    [
      0.005368,
      5000
    ],
    [
      0.005388,
      5567.92873051
    ],
    [
      0.0054,
      29438.23396226
    ],
    [
      0.005423,
      706.57066986
    ],
    [
      0.005424,
      235.52355662
    ],
    [
      0.005425,
      942.09422648
    ],
    [
      0.00543,
      628.06281765
    ],
    [
      0.00544,
      837.4170902
    ],
    [
      0.005441,
      1116.55612027
    ],
    [
      0.00548,
      976.4
    ],
    [
      0.00558,
      1188.99944224
    ],
    [
      0.005649,
      9380
    ],
    [
      0.005667,
      7536
    ],
    [
      0.0057,
      1260.0069584
    ],
    [
      0.005735,
      2153.752
    ],
    [
      0.00574,
      2963.852
    ],
    [
      0.005743,
      2435.741
    ],
    [
      0.005744,
      1237.452
    ],
    [
      0.005745,
      1865.752
    ],
    [
      0.005749,
      986.752
    ],
    [
      0.00576,
      1756.532
    ],
    [
      0.005775,
      1968.752
    ],
    [
      0.00578,
      2421.752
    ],
    [
      0.005793,
      2863.852
    ],
    [
      0.005795,
      1463.852
    ],
    [
      0.005797,
      896.523
    ],
    [
      0.005798,
      958.742
    ],
    [
      0.005799,
      1692.755
    ],
    [
      0.0058,
      19036.25161004
    ],
    [
      0.0059,
      4432.69017138
    ],
    [
      0.005977,
      1000
    ],
    [
      0.005996,
      1692.755
    ],
    [
      0.005997,
      1563.785
    ],
    [
      0.005998,
      986.785
    ],
    [
      0.005999,
      95868.47642771
    ],
    [
      0.006,
      25000
    ],
    [
      0.006099,
      1000
    ],
    [
      0.0061,
      899.05015308
    ],
    [
      0.006193,
      2626.77936081
    ],
    [
      0.006223,
      1000
    ],
    [
      0.006298,
      1554.6889167
    ],
    [
      0.006348,
      617.97496387
    ],
    [
      0.006349,
      1000
    ],
    [
      0.00635,
      1687.5
    ],
    [
      0.00643,
      18241.44287865
    ],
    [
      0.006478,
      1000
    ],
    [
      0.00648,
      235.47874367
    ],
    [
      0.00649,
      38.59927691
    ],
    [
      0.0066,
      104.008173
    ],
    [
      0.006609,
      1000
    ],
    [
      0.006744,
      1000
    ],
    [
      0.006812,
      1000
    ],
    [
      0.006881,
      1000
    ],
    [
      0.00695,
      1000
    ],
    [
      0.007,
      152474.58827437
    ],
    [
      0.00702,
      1050.36803
    ],
    [
      0.007051,
      5000
    ],
    [
      0.00709,
      1000
    ],
    [
      0.007161,
      2000
    ],
    [
      0.0072,
      8837.09449616
    ],
    [
      0.007224,
      1384.27464008
    ],
    [
      0.007232,
      2000
    ],
    [
      0.007252,
      689.46497518
    ],
    [
      0.00728,
      686.81318681
    ],
    [
      0.007305,
      2000
    ],
    [
      0.007308,
      930.76038766
    ],
    [
      0.007325,
      192.040223
    ],
    [
      0.007336,
      681.57033806
    ],
    [
      0.007345,
      279.939634
    ],
    [
      0.007364,
      939.66984486
    ],
    [
      0.007378,
      2000
    ],
    [
      0.007379,
      237.937755
    ],
    [
      0.007392,
      676.40692641
    ],
    [
      0.007394,
      252.892591
    ],
    [
      0.00741,
      206.022556
    ],
    [
      0.00742,
      673.85444744
    ],
    [
      0.007426,
      280.977097
    ],
    [
      0.00744,
      276.365571
    ],
    [
      0.007448,
      671.32116004
    ],
    [
      0.007454,
      166.554875
    ],
    [
      0.007476,
      668.80684858
    ],
    [
      0.007482,
      2800
    ],
    [
      0.007504,
      2190.04230679
    ],
    [
      0.009593,
      4330.03757823
    ],
    [
      0.01,
      30258.4017605
    ],
    [
      0.0101,
      1980.18
    ],
    [
      0.0104,
      2500
    ],
    [
      0.0111,
      207.04870756
    ],
    [
      0.01137,
      2500
    ],
    [
      0.012,
      19133.83
    ],
    [
      0.0122,
      2500
    ],
    [
      0.0127,
      2930.7731266
    ],
    [
      0.0145,
      5000
    ],
    [
      0.02,
      257765.78620942
    ],
    [
      0.04,
      6352.68451045
    ],
    [
      0.05,
      20614.68011228
    ],
    [
      0.06,
      22039.29947664
    ],
    [
      0.07,
      107
    ]
  ]
}
